{
  "version": 1,
  "author": "Agozie Onuigbo",
  "editor": "wokwi",
  "parts": [
    {
      "type": "board-esp32-s3-devkitc-1",
      "id": "esp",
      "top": -115.38,
      "left": 14.17,
      "attrs": {}
    },
    {
      "type": "wokwi-led",
      "id": "led2",
      "top": -32.4,
      "left": -111.4,
      "attrs": { "color": "red" }
    },
    {
      "type": "wokwi-led",
      "id": "led3",
      "top": 34.8,
      "left": -111.4,
      "attrs": { "color": "red" }
    }
  ],
  "connections": [
    [ "esp:TX", "$serialMonitor:RX", "", [] ],
    [ "esp:RX", "$serialMonitor:TX", "", [] ],
    [ "led3:A", "esp:2", "green", [ "v0", "h86.4", "v-124.8" ] ],
    [ "led2:A", "esp:4", "green", [ "v0", "h76.8", "v-67.2" ] ],
    [ "led3:C", "esp:GND.1", "green", [ "v0" ] ],
    [ "led2:C", "esp:GND.2", "green", [ "v0", "h-9.2", "v-105.6" ] ]
  ],
  "dependencies": {}
}