{
  "version": 1,
  "author": "Agozie Onuigbo",
  "editor": "wokwi",
  "parts": [
    { "type": "board-esp32-s3-devkitc-1", "id": "esp", "top": -48.18, "left": 4.57, "attrs": {} },
    {
      "type": "wokwi-led",
      "id": "led1",
      "top": 82.8,
      "left": -178.6,
      "attrs": { "color": "red" }
    }
  ],
  "connections": [
    [ "esp:TX", "$serialMonitor:RX", "", [] ],
    [ "esp:RX", "$serialMonitor:TX", "", [] ],
    [ "led1:A", "esp:10", "green", [ "v0" ] ],
    [ "led1:C", "esp:GND.1", "green", [ "v0" ] ]
  ],
  "dependencies": {}
}